venue_ID	full_name	abbreviation	print_issn	electronic_issn
2	Stochastic Analysis and Applications	Abel. Symp.		
3	Abstract and Applied Analysis	Abstr. Appl. Anal.		
4	Acm Transactions On Computer-human Interaction	Acm T. Comput-hum. Int.		
5	Acm Transactions On Computational Logic	Acm T. Comput. Log.	1529-3785	1557-945X
6	Acta Acustica	Acta Acust.		
7	Acta Applicandae Mathematicae	Acta Appl. Math.		
8	Acta Arithmetica	Acta Arith.		
9	Acta Informatica	Acta Inform.		
10	Acta Materialia	Acta Mater.		
11	Acta Mathematica	Acta Math-djursholm.		
12	Acta Mathematica Hungarica	Acta Math. Hung.		
13	Acta Mechanica	Acta Mech.		
14	Acta Physica Hungarica A-heavy Ion Physics	Acta Phys. Hung. A.		
15	Acta Physica Polonica A	Acta Phys. Pol. A		
16	Acta Physica Polonica B	Acta Phys. Pol. B		
17	Acta Physica Slovaca	Acta Phys. Slovaca		
18	Advances in Applied Clifford Algebras	Adv. Appl. Clifford Al.		
19	Advances in Applied Mathematics	Adv. Appl. Math.		
20	Advances in Applied Probability	Adv. Appl. Probab.		
21	Advances in Calculus of Variations	Adv. Calc. Var.		
22	Advances in Complex Systems	Adv. Complex Syst.		
23	Advanced Functional Materials	Adv. Funct. Mater.		
24	Advances in Geometry	Adv. Geom.	1615-715X	1615-7168
25	Advances in High Energy Physics	Adv. High Energy Phys.		
26	Advances in Knowledge Organization	Adv. Know. Or.		
27	Advanced Materials	Adv. Mater.		
28	Advances in Mathematics	Adv. Math.		
29	Advances in Mathematics of Communications	Adv. Math. Commun.		
30	Advanced Nonlinear Studies	Adv. Nonlinear Stud.		
31	Advances in Physics	Adv. Phys.		
32	Advanced Science Letters	Adv. Sci. Lett.		
33	Advances in Space Research	Adv. Space Res.		
34	Acceleration and Heating in The Magnetosphere	Adv. Space. Res.		
35	Advances in Theoretical and Mathematical Physics	Adv. Theor. Math. Phys.		
36	Aip Conference Proceedings	Aip Conf. Proc.		
37	10th Asian International Conference On Fluid Machinery	Aip. Conf. Proc.		
38	Complex Systems	Aip. Conf. Proc.		
39	Condensed Matter Physics	Aip. Conf. Proc.		
40	Gravitation and Cosmology	Aip. Conf. Proc.		
41	Medical Physics	Aip. Conf. Proc.		
42	Algebraic and Geometric Topology	Algebr. Geom. Topol.		
43	Algebra & Number Theory	Algebr. Number Theory		
44	Algebras and Representation Theory	Algebr. Represent. Th.		
45	Algorithms for Molecular Biology	Algorithm. Mol. Biol.		
46	Algorithmica	Algorithmica		
47	American Journal of Mathematics	Am. J. Math.		
48	American Journal of Physics	Am. J. Phys.		
49	American Journal of Sociology	Am. J. Sociol.		
50	American Mathematical Monthly	Am. Math. Mon.		
51	Analytical Chemistry	Anal. Chem.		
52	Analysis & Pde	Anal. Pde		
53	Animal Behaviour	Anim. Behav.		
54	Annals of Applied Probability	Ann. Appl. Probab.	1050-5164	
55	Annals of Applied Statistics	Ann. Appl. Stat.		
56	Annals of Combinatorics	Ann. Comb.		
57	Annales De Geophysique	Ann. Geophys.		
58	Annals of Glaciology	Ann. Glaciol.		
59	Annals of Global Analysis and Geometry	Ann. Glob. Anal. Geom.		
60	Annales Henri Poincare	Ann. Henri Poincare		
61	Annales De L Institut Fourier	Ann. I. Fourier		
62	Annales De L Institut Henri Poincare-analyse Non Lineaire	Ann. I. H. Poincare-an.		
63	Annales De L Institut Henri Poincare-probabilites Et Statistiques	Ann. I. H. Poincare-pr.		
64	Annals of The Institute of Statistical Mathematics	Ann. I. Stat. Math.		
65	Annals of Mathematics	Ann. Math.		
66	Annals of Mathematics and Artificial Intelligence	Ann. Math. Artif. Intel.		
67	Annals of Nuclear Energy	Ann. Nucl. Energy		
68	Abdominal Aortic Aneurysm: Genetics, Pathophysiology and Molecular Biology	Ann. Ny. Acad. Sci.		
69	Annals of The New York Academy of Sciences	Ann. Ny. Acad. Sci.		
70	Annals of Operations Research	Ann. Oper. Res.		
71	Annalen Der Physik	Ann. Phys-berlin.		
72	Annals of Physics	Ann. Phys-new. York.		
73	Annales De Physique	Ann. Phys-paris.		
74	Annales Polonici Mathematici	Ann. Pol. Math.		
75	Annals of Probability	Ann. Probab.		
76	Annals of Pure and Applied Logic	Ann. Pure Appl. Logic		
77	Annales Scientifiques De L Ecole Normale Superieure	Ann. Sci. Ecole Norm. S.		
78	Annales De La Societe Entomologique De France	Ann. Soc. Entomol. Fr.		
79	Annals of Statistics	Ann. Stat.		
80	Applied Categorical Structures	Appl. Categor. Struct.		
81	Applied Magnetic Resonance	Appl. Magn. Reson.		
82	Applied Mathematics and Computation	Appl. Math. Comput.		
83	Applied Mathematics Letters	Appl. Math. Lett.		
84	Applied Mathematics and Optimization	Appl. Math. Opt.		
85	Applied Optics	Appl. Optics	0003-6935	1539-4522
86	Applied Physics B-lasers and Optics	Appl. Phys. B-lasers O.		
87	Applied Physics B-photophysics and Laser Chemistry	Appl. Phys. B-photo.		
88	Applied Physics Express	Appl. Phys. Express		
89	Applied Physics Letters	Appl. Phys. Lett.		
90	Applied Surface Science	Appl. Surf. Sci.		
91	Applied Mathematical Finance	Applied Mathematical Finance	1350-486X	1466-4313
92	Archive for History of Exact Sciences	Arch. Hist. Exact Sci.		
93	Archiv Der Mathematik	Arch. Math.		
94	Archive for Mathematical Logic	Arch. Math. Logic		
95	Archives of Mechanics	Arch. Mech.		
96	Archive for Rational Mechanics and Analysis	Arch. Ration. Mech. An.		
97	Ars Combinatoria	Ars Combinatoria		
98	Artificial Life	Artif. Life		
99	Asterisque	Asterisque		
100	Astronomy & Astrophysics	Astron. Astrophys.		
101	Astronomy and Astrophysics	Astron. Astrophys.		
102	Astronomy and Astrophysics Review	Astron. Astrophys. Rev.		
103	Astronomy & Geophysics	Astron. Geophys.		
104	Astronomical Journal	Astron. J.		
105	Astronomische Nachrichten	Astron. Nachr.		
106	Astronomy Reports	Astron. Rep+.+		
107	Astroparticle Physics	Astropart. Phys.	0927-6505	
108	Astrophysical Bulletin	Astrophys. Bull.		
109	Astrophysical Journal	Astrophys. J.	0004-637X	1538-4357
110	Astrophysical Journal Letters	Astrophys. J. Lett.		
111	Astrophysics and Space Science	Astrophys. Space Sci.	0004-640X	1572-946X
112	Solar Polarization	Astrophys. Space. Sc. L.		
113	Astrophysics and Space Science Proceedings	Astrophysics Space		
114	Asymptotic Analysis	Asymptotic Anal.	0921-7134	
115	Atalante-revista De Estudios Cinematograficos	Atalante.		
116	Atmospheric Environment	Atmos. Environ.	1352-2310	
117	Australian & New Zealand Journal of Statistics	Aust. Nz. J. Stat.		
118	Automatica	Automatica		
119	Bulletin of The Australian Mathematical Society	B. Aust. Math. Soc.		
120	Bulletin of The Belgian Mathematical Society-simon Stevin	B. Belg. Math. Soc-sim.		
121	Bulletin of The London Mathematical Society	B. Lond. Math. Soc.	0024-6093	
122	Bulletin of Mathematical Biology	B. Math. Biol.		
123	Bulletin De La Societe Geologique De France	B. Soc. Geol. Fr.		
124	Balkan Journal of Geometry and Its Applications	Balk. J. Geom. Appl.		
125	Baltic Astronomy	Balt. Astron.		
126	Bayesian Analysis	Bayesian Anal.		
127	Behavioural Processes	Behav. Process.		
128	Bernoulli	Bernoulli		
129	Biochimica Et Biophysica Acta	Biochim. Biophys. Acta		
130	Bioinformatics	Bioinformatics		
131	Biological Control	Biol. Control		
132	Biological Cybernetics	Biol. Cybern.		
133	Biology Direct	Biol. Direct		
134	Biomacromolecules	Biomacromolecules		
135	Biomedical Engineering Online	Biomed. Eng. Online		
136	Biometrika	Biometrika		
137	Biophysical Journal	Biophys. J.		
138	Biostatistics	Biostatistics		
139	Biosystems	Biosystems		
140	Bmc Bioinformatics	Bmc Bioinformatics		
141	Bmc Biology	Bmc Biol.		
142	Bmc Genomics	Bmc Genomics		
143	Bmc Medicine	Bmc Med.		
144	Bmc Neuroscience	Bmc Neurosci.		
145	Bmc Structural Biology	Bmc Struct. Biol.		
146	Bmc Systems Biology	Bmc Syst. Biol.		
147	Approximation Theory and Function Series	Bolyai. Soc. Math. Stud.		
148	Brain Research	Brain Res.		
149	Brazilian Journal of Physics	Braz. J. Phys.		
150	Bsg Proceedings	Bsg Proc.		
151	Bulletin Brazilian Mathematical Society	Bull. Braz. Math. Soc.		
152	Calculus of Variations and Partial Differential Equations	Calc. Var. Partial Dif.		
153	Calphad-computer Coupling of Phase Diagrams and Thermochemistry	Calphad.		
154	Canadian Geotechnical Journal	Can. Geotech. J.		
155	Canadian Journal of Mathematics-journal Canadien De Mathematiques	Can. J. Math.		
156	Canadian Journal of Physics	Can. J. Phys.		
157	Canadian Mathematical Bulletin-bulletin Canadien De Mathematiques	Can. Math. Bull.		
158	Canadian Mathematical Bulletin	Can. Math. Bulletin		
159	Canadian Journal of Mathematics	Canadian J. Math.		
160	Carbon	Carbon		
161	Celestial Mechanics & Dynamical Astronomy	Celest. Mech. Dyn. Astr.		
162	Cellular Oncology	Cell. Oncol.		
163	Central European Journal of Mathematics	Cent. Eur. J. Math.		
164	Central European Journal of Physics	Cent. Eur. J. Phys.		
165	Chaos	Chaos		
166	Chaos Solitons & Fractals	Chaos Soliton. Fract.		
167	Chemical Engineering Journal	Chem. Eng. J.		
168	Chemical Geology	Chem. Geol.		
169	Chemistry of Materials	Chem. Mater.		
170	Chemical Physics	Chem. Phys.		
171	Chemical Physics Letters	Chem. Phys. Lett.		
172	Chemometrics and Intelligent Laboratory Systems	Chemometr. Intell. Lab.		
173	Chinese Physics-english Tr	Chin. Phys.		
174	Chinese Journal of Physics	Chinese J. Phys.		
175	Chinese Physics	Chinese Phys.		
176	Chinese Physics B	Chinese Phys. B	1674-1056	
177	Chinese Physics C	Chinese Phys. C		
178	Chinese Physics Letters	Chinese Phys. Lett.		
179	Chinese Science Bulletin	Chinese Sci. Bull.		
180	Classical and Quantum Gravity	Classical Quant. Grav.		
181	Clay Minerals	Clay Miner.		
182	Climate of The Past	Clim. Past		
183	Cold Regions Science and Technology	Cold Reg. Sci. Technol.		
184	Collectanea Mathematica	Collect. Math.		
185	Approximation Theory /	Colloq. Math.		
186	Colloquium Mathematicum	Colloq. Math.		
187	Combinatorica	Combinatorica		
188	Combustion Explosion and Shock Waves	Combust. Explo. Shock+.+		
189	Combustion and Flame	Combust. Flame		
190	Combustion Science and Technology	Combust. Sci. Technol.		
191	Commentarii Mathematici Helvetici	Comment. Math. Helv.		
192	Communications of The Acm	Commun. Acm		
193	Communications in Algebra	Commun. Algebra		
194	Communications in Analysis and Geometry	Commun. Anal. Geom.		
195	Communications in Computational Physics	Commun. Comput. Phys.		
196	Communications in Contemporary Mathematics	Commun. Contemp. Math.		
197	Communications in Mathematical Physics	Commun. Math. Phys.	0010-3616	1432-0916
198	Communications in Nonlinear Science and Numerical Simulation	Commun. Nonlinear Sci.		
199	Communications in Number Theory and Physics	Commun. Number Theory		
200	Communications in Partial Differential Equations	Commun. Part. Diff. Eq.		
201	Communications On Pure and Applied Analysis	Commun. Pur. Appl. Anal.		
202	Communications in Statistics-theory and Methods	Commun. Stat. Theory.		
203	Communications in Theoretical Physics	Commun. Theor. Phys.	0253-6102	
204	Complex Analysis and Operator Theory	Complex Anal. Oper. Th.		
205	Complex Variables and Elliptic Equations	Complex Var. Elliptic		
206	Complexity	Complexity		
207	Compositio Mathematica	Compos. Math.	0010-437X	1570-5846
208	Composites Science and Technology	Compos. Sci. Technol.		
209	Computer Journal	Comput. J.		
210	Computers & Mathematics With Applications	Comput. Math. Appl.		
211	Computational and Mathematical Methods in Medicine	Comput. Math. Method. M.		
212	Computer Methods in Applied Mechanics and Engineering	Comput. Method. Appl. M.		
213	Computer Physics Communications	Comput. Phys. Commun.		
214	Computing in Science & Engineering	Comput. Sci. Eng.		
215	Computational Statistics & Data Analysis	Comput. Stat. Data An.		
216	Computing	Computing		
217	Condensed Matter Physics	Condens. Matter Phys.		
218	Constructive Approximation	Constr. Approx.		
219	150 Years of Mathematics At Washington University in St. Louis	Contemp. Math.		
220	Contemporary Mathematics	Contemp. Math.		
221	Toric Topology	Contemp. Math.		
222	Contemporary Physics	Contemp. Phys.		
223	Continuum Mechanics and Thermodynamics	Continuum Mech. Therm.		
224	Cosmic Research	Cosmic Res+.+		
225	Comptes Rendus De L Academie Bulgare Des Sciences	Cr. Acad. Bulg. Sci.		
226	Comptes Rendus Biologies	Cr. Biol.		
227	Comptes Rendus Mathematique	Cr. Math.	1631-073X	
228	Comptes Rendus Mecanique	Cr. Mecanique		
229	Comptes Rendus Physique	Cr. Phys.		
230	Crystal Growth & Design	Cryst. Growth Des.		
231	Crystal Research and Technology	Cryst. Res. Technol.		
232	Design Studies	Des. Stud.		
233	Diamond and Related Materials	Diam. Relat. Mater.		
234	Differential Geometry and Its Applications	Differ. Geom. Appl.		
235	Differential and Integral Equations	Differ. Integral Equ.		
236	Digital Signal Processing	Digit. Signal Process.		
237	Discrete and Continuous Dynamical Systems	Discret. Contin. Dyn. S.		
238	Discrete Mathematics and Theoretical Computer Science	Discret. Math. Theor. C.		
239	Discrete Applied Mathematics	Discrete Appl. Math.		
240	Discrete & Computational Geometry	Discrete Comput. Geom.		
241	Discrete and Continuous Dynamical Systems-series B	Discrete Cont. Dyn-b.		
242	Discrete Mathematics	Discrete Math.		
243	Discussions of The Faraday Society	Discuss. Faraday Soc.		
244	Documenta Mathematica	Doc. Math.		
245	Duke Mathematical Journal	Duke Math. J.		
246	Earth Moon and Planets	Earth Moon Planets		
247	Earth and Planetary Science Letters	Earth Planet. Sc. Lett.		
248	Earth Planets and Space	Earth Planets Space		
249	Eas Publications Series	Eas Publications		
250	Econometric Theory	Economet. Theor.		
251	Econometrica	Econometrica	0012-9682	
252	Electromagnetics	Electromagnetics		
253	Electronic Communications in Probability	Electron. Commun. Prob.		
254	Electronic Journal of Probability	Electron. J. Probab.		
255	Electronic Journal of Statistics	Electron. J. Stat.		
256	Electronic Research Announcements of The American Mathematical Society	Electron. Res. Announc.		
257	Embo Journal	Embo J.		
258	Entropy	Entropy		
259	Epl	Epl-europhys. Lett.	0295-5075	1286-4854
260	Ergodic Theory and Dynamical Systems	Ergod. Theor. Dyn. Syst.		
261	Esaim-control Optimisation and Calculus of Variations	Esaim. Contr. Op. Ca. Va.		
262	European Journal of Applied Mathematics	Eur. J. Appl. Math.		
263	European Journal of Combinatorics	Eur. J. Combin.		
264	European Journal of Mechanics A-solids	Eur. J. Mech. A-solid.		
265	European Journal of Mechanics B-fluids	Eur. J. Mech. B-fluid.		
266	European Journal of Neuroscience	Eur. J. Neurosci.	0953-816X	
267	European Journal of Pharmacology	Eur. J. Pharmacol.		
268	European Journal of Physics	Eur. J. Phys.		
269	European Physical Journal-applied Physics	Eur. Phys. J-appl. Phys.		
270	European Physical Journal-special Topics	Eur. Phys. J-spec. Top.		
271	European Physical Journal A	Eur. Phys. J. A	1434-6001	1434-601X
272	European Physical Journal B	Eur. Phys. J. B	1434-6028	1434-6036
273	European Physical Journal C	Eur. Phys. J. C		
274	European Physical Journal D	Eur. Phys. J. D		
275	European Physical Journal E	Eur. Phys. J. E		
276	European Physical Journal H	Eur. Phys. J. H		
277	European Urology	Eur. Urol.		
278	Europhysics Letters	Europhys. Lett.		
279	Evolutionary Computation	Evol. Comput.		
280	Experimental Astronomy	Exp. Astron.		
281	Experimental Brain Research	Exp. Brain Res.		
282	Expert Systems With Applications	Expert Syst. Appl.		
283	Expositiones Mathematicae	Expo. Math.		
284	Febs Letters	Febs Lett.		
285	Few-body Systems	Few-body Syst.		
286	Fibonacci Quarterly	Fibonacci Quart.		
287	Asymptotic Methods in Stochastics	Fields. Inst. Commun.		
288	Modular Forms and String Duality	Fields. Inst. Commun.		
289	Finite Fields and Their Applications	Finite Fields Th. App.		
290	Fixed Point Theory	Fixed Point Theory		
291	Fluctuation and Noise Letters	Fluct. Noise Lett.		
292	Fortschritte Der Physik-progress of Physics	Fortschr. Phys.		
293	Forum Mathematicum	Forum Math.		
294	Foundations of Computational Mathematics	Found. Comput. Math.		
295	Foundations of Physics	Found. Phys.		
296	Foundations of Physics Letters	Found. Phys. Lett.		
297	Foundations of Science	Found. Sci.		
298	Frontiers of Physics in China	Front. Phys. China		
299	Functiones Et Approximatio Commentarii Mathematici	Funct. Approx. Comm. Ma.		
300	Fundamenta Informaticae	Fund. Inform.		
301	Fundamenta Mathematicae	Fund. Math.		
302	Fundamental Theories of Physics	Fund. Theor.		
303	Fuzzy Sets and Systems	Fuzzy Set. Syst.		
304	Genetics	Genetics		
305	Geometric and Functional Analysis	Geom. Funct. Anal.		
306	Geometry & Topology	Geom. Topol.		
307	Geometriae Dedicata	Geometriae Dedicata		
308	Geomorphology	Geomorphology		
309	Geophysical Journal International	Geophys. J. Int.	0956-540X	1365-246X
310	Geophysical Research Letters	Geophys. Res. Lett.		
311	Geophysical &amp; Astrophysical Fluid Dynamics	Geophysical &amp; Astrophysical Fluid Dynamics	0309-1929	1029-0419
312	Georgian Mathematical Journal	Georgian Math. J.		
313	Geotechnical Testing Journal	Geotech. Test. J.		
314	Geotechnique	Geotechnique		
315	Glasgow Mathematical Journal	Glasgow Math. J.		
316	Global Biogeochemical Cycles	Global Biogeochem. Cy.	0886-6236	
317	Granular Matter	Granul. Matter		
318	Groups Geometry and Dynamics	Group. Geom. Dynam.		
319	Hadronic Journal	Hadronic J.		
320	Historia Mathematica	Hist. Math.		
321	Historical Studies in The Physical and Biological Sciences	Hist. Stud. Phys. Biol.		
322	Homology Homotopy and Applications	Homol. Homotopy Appl.		
323	Houston Journal of Mathematics	Houston J. Math.		
324	Human-computer Interaction	Hum-comput. Interact.		
325	Hyperfine Interactions	Hyperfine Interact.		
326	Active Galactic Nuclei /	Iau. Symp.		
327	Icarus	Icarus		
328	Ieee Antennas and Wireless Propagation Letters	Ieee Antenn. Wirel. Pr.		
329	Ieee Control Systems Magazine	Ieee Contr. Syst. Mag.		
330	Ieee Infocom	Ieee Infocom Ser.		
331	Ieee Journal On Selected Areas in Communications	Ieee J. Sel. Area. Comm.		
332	Ieee Photonics Technology Letters	Ieee Photonic. Tech. L.		
333	Ieee Signal Processing Letters	Ieee Signal Proc. Let.		
334	Ieee Transactions On Components and Packaging Technologies	Ieee T. Compon. Pack. T.		
335	Ieee Transactions On Electron Devices	Ieee T. Electron Dev.		
336	Ieee Transactions On Information Theory	Ieee T. Inform. Theory	0018-9448	
337	Ieee Transactions On Neural Networks	Ieee T. Neural Networ.		
338	Ieee Transactions On Pattern Analysis and Machine Intelligence	Ieee T. Pattern Anal.		
339	Ieee Transactions On Plasma Science	Ieee T. Plasma Sci.		
340	Ieee Transactions On Robotics and Automation	Ieee T. Robotic. Autom.		
341	Ieee Transactions On Signal Processing	Ieee T. Signal Proces.		
342	Ieee Transactions On Ultrasonics Ferroelectrics and Frequency Control	Ieee T. Ultrason. Ferr.		
343	Ieee-acm Transactions On Networking	Ieee. Acm. T. Network.		
344	Theoretical Computer Science	Ifip. Adv. Inf. Comm. Te.		
345	Illinois Journal of Mathematics	Illinois J. Math.		
346	Ima Journal of Applied Mathematics	Ima J. Appl. Math.	0272-4960	1464-3634
347	Ima Journal of Numerical Analysis	Ima J. Numer. Anal.		
348	Software for Algebraic Geometry	Ima. V. Math.		
349	Algorithms in Algebraic Geometry	Ima. Vol. Math. Appl.		
350	Indian Journal of Physics	Indian J. Phys.		
351	Indiana University Mathematics Journal	Indiana U. Math. J.		
352	Infinite Dimensional Analysis Quantum Probability and Related Topics	Infin. Dimens. Anal. Qu.		
353	Information and Computation	Inform. Comput.		
354	Information Processing Letters	Inform. Process. Lett.		
355	Information Sciences	Inform. Sciences		
356	Informs Journal On Computing	Informs J. Comput.		
357	International Communications in Heat and Mass Transfer	Int. Commun. Heat Mass		
358	International Journal of Algebra and Computation	Int. J. Algebr. Comput.		
359	International Journal of Astrobiology	Int. J. Astrobiol.		
360	International Journal of Bifurcation and Chaos	Int. J. Bifurcat. Chaos		
361	International Journal of Chemical Kinetics	Int. J. Chem. Kinet.		
362	International Journal of Computer Assisted Radiology and Surgery	Int. J. Comput. Ass. Rad.		
363	International Journal of Computational Fluid Dynamics	Int. J. Comput. Fluid D.		
364	International Journal of Fatigue	Int. J. Fatigue		
365	International Journal of Fracture	Int. J. Fracture		
366	International Journal of Geographical Information Science	Int. J. Geogr. Inf. Sci.		
367	International Journal of Geometric Methods in Modern Physics	Int. J. Geom. Methods M.	0219-8878	1793-6977
368	International Journal of Heat and Mass Transfer	Int. J. Heat Mass Tran.		
369	International Journal of Mathematics	Int. J. Math.		
370	International Journal of Medical Robotics and Computer Assisted Surgery	Int. J. Med. Robot. Comp.		
371	International Journal of Modern Physics A	Int. J. Mod. Phys. A		
372	International Journal of Modern Physics B	Int. J. Mod. Phys. B		
373	International Journal of Modern Physics C	Int. J. Mod. Phys. C		
374	International Journal of Modern Physics D	Int. J. Mod. Phys. D		
375	International Journal of Modern Physics E-nuclear Physics	Int. J. Mod. Phys. E.		
376	International Journal of Non-linear Mechanics	Int. J. Nonlin. Mech.		
377	International Journal of Number Theory	Int. J. Number Theory		
378	International Journal of Quantum Chemistry	Int. J. Quantum Chem.		
379	International Journal of Quantum Information	Int. J. Quantum Inf.		
380	International Journal of Robotics Research	Int. J. Robot. Res.		
381	International Journal of Solids and Structures	Int. J. Solids Struct.		
382	International Journal of Theoretical Physics	Int. J. Theor. Phys.		
383	International Mathematics Research Notices	Int. Math. Res. Notices		
384	International Mathematics Research Papers	Int. Math. Res. Pap.		
385	International Reviews in Physical Chemistry	Int. Rev. Phys. Chem.		
386	Integral Equations and Operator Theory	Integr. Equat. Oper. Th.		
387	Integral Transforms and Special Functions	Integr. Transf. Spec. F.		
388	Inventiones Mathematicae	Invent. Math.		
389	Inverse Problems	Inverse Probl.		
390	Isij International	Isij Int.		
391	Israel Journal of Mathematics	Isr. J. Math.		
392	Israel Journal of Mathematics	Israel J. Math.		
393	Iubmb Life	Iubmb Life		
394	Izvestiya Mathematics	Izv. Math+.+		
395	Journal of Economic Interaction and Coordination	J Econ Interac Coord	1860-711X	1860-7128
396	Journal of The Acoustical Society of America	J. Acoust. Soc. Am.		
397	Journal of Algebra	J. Algebra		
398	Journal of Algebra and Its Applications	J. Algebra Appl.		
399	Journal of Algebraic Geometry	J. Algebraic Geom.		
400	Journal of Alloys and Compounds	J. Alloy. Compd.		
401	Journal of The American Chemical Society	J. Am. Chem. Soc.		
402	Journal of The American Statistical Association	J. Am. Stat. Assoc.		
403	Journal of Analytical and Applied Pyrolysis	J. Anal. Appl. Pyrol.		
404	Journal D Analyse Mathematique	J. Anal. Math.		
405	Journal of Applied Geophysics	J. Appl. Geophys.		
406	Journal of Applied Logic	J. Appl. Logic		
407	Journal of Applied Mechanics and Technical Physics	J. Appl. Mech. Tech. Phy.		
408	Journal of Applied Physics	J. Appl. Phys.	0021-8979	
409	Journal of Applied Probability	J. Appl. Probab.		
410	Journal of Applied Toxicology	J. Appl. Toxicol.		
411	Journal of Approximation Theory	J. Approx. Theory		
412	Journal of Astrophysics and Astronomy	J. Astrophys. Astron.		
413	Journal of The Atmospheric Sciences	J. Atmos. Sci.	0022-4928	1520-0469
414	Journal of The Australian Mathematical Society	J. Aust. Math. Soc.		
415	Journal of Biological Systems	J. Biol. Syst.		
416	Journal of Biomechanics	J. Biomech.		
417	Journal of Business & Economic Statistics	J. Bus. Econ. Stat.		
418	Journal of Cellular Automata	J. Cell. Autom.		
419	Journal of Chemical Physics	J. Chem. Phys.		
420	Journal of The Chinese Chemical Society	J. Chin. Chem. Soc-taip.		
421	Journal of Classification	J. Classif.		
422	Journal of Colloid and Interface Science	J. Colloid Interf. Sci.		
423	Journal of Combinatorial Optimization	J. Comb. Optim.		
424	Journal of Combinatorial Theory Series A	J. Comb. Theory A		
425	Journal of Communications Technology and Electronics	J. Commun. Technol. El+.+		
426	Journal of Complexity	J. Complexity		
427	Journal of Computational Analysis and Applications	J. Comput. Anal. Appl.		
428	Journal of Computational and Applied Mathematics	J. Comput. Appl. Math.		
429	Journal of Computational Neuroscience	J. Comput. Neurosci.		
430	Journal of Computational Physics	J. Comput. Phys.		
431	Journal of Computer and System Sciences	J. Comput. Syst. Sci.		
432	Journal of Computational and Theoretical Nanoscience	J. Comput. Theor. Nanos.		
433	Journal of Convex Analysis	J. Convex Anal.		
434	Journal of Crystal Growth	J. Cryst. Growth		
435	Journal of Differential Equations	J. Differ. Equations		
436	Journal of Differential Geometry	J. Differ. Geom.		
437	Journal of Dynamical and Control Systems	J. Dyn. Control Syst.		
438	Journal of Econometrics	J. Econometrics		
439	Journal of Elasticity	J. Elasticity		
440	Journal of Electronic Materials	J. Electron. Mater.		
441	Journal of Endourology	J. Endourol.		
442	Journal of Engineering Mathematics	J. Eng. Math.		
443	Journal of The European Mathematical Society	J. Eur. Math. Soc.		
444	Journal of The European Optical Society-rapid Publications	J. Eur. Opt. Soc-rapid.		
445	Journal of Evolution Equations	J. Evol. Equ.		
446	Journal of Experimental and Theoretical Physics	J. Exp. Theor. Phys+.+		
447	Journal of Fixed Point Theory and Applications	J. Fix. Point Theory A.		
448	Journal of Fluid Mechanics	J. Fluid Mech.		
449	Journal of Forecasting	J. Forecasting		
450	Journal of Fourier Analysis and Applications	J. Fourier Anal. Appl.		
451	Journal of Functional Analysis	J. Funct. Anal.		
452	Journal of Geometric Analysis	J. Geom. Anal.		
453	Journal of Geometry and Physics	J. Geom. Phys.		
454	Journal of Geophysical Research	J. Geophys. Res.	0148-0227	2156-2202
455	Journal of Graph Theory	J. Graph Theor.		
456	Journal of Group Theory	J. Group Theory		
457	Journal of High Energy Physics	J. High Energy Phys.		1029-8479
458	Journal of Informetrics	J. Informetr.		
459	Journal of Insect Science	J. Insect Sci.		
460	Journal of The Institute of Mathematics of Jussieu	J. Inst. Math. Jussieu		
461	Journal of Instrumentation	J. Instrum.		1748-0221
462	Journal of Inverse and Ill-posed Problems	J. Inverse Ill-pose. P.		
463	Journal of K-theory	J. K-theory		
464	Journal of Knot Theory and Its Ramifications	J. Knot Theor. Ramif.		
465	Journal of The Korean Astronomical Society	J. Korean Astron. Soc.		
466	Journal of The Korean Mathematical Society	J. Korean Math. Soc.		
467	Journal of The Korean Physical Society	J. Korean Phys. Soc.		
468	Journal of Lie Theory	J. Lie Theory		
469	Journal of Logic and Computation	J. Logic Comput.		
470	Journal of The London Mathematical Society-second Series	J. Lond. Math. Soc.		
471	Journal of The London Mathematical Society	J. London Math. Soc.		
472	Journal of Loss Prevention in The Process Industries	J. Loss Prevent. Proc.		
473	Journal of Low Temperature Physics	J. Low Temp. Phys.	0022-2291	1573-7357
474	Journal of Luminescence	J. Lumin.		
475	Journal of Machine Learning Research	J. Mach. Learn. Res.		
476	Journal of Magnetism and Magnetic Materials	J. Magn. Magn. Mater.		
477	Journal of Magnetic Resonance	J. Magn. Reson.		
478	Journal of Marine Systems	J. Marine Syst.		
479	Journal of Materials Chemistry	J. Mater. Chem.		
480	Journal of Materials Science	J. Mater. Sci.		
481	Journal of Mathematical Analysis and Applications	J. Math. Anal. Appl.		
482	Journal of Mathematical Biology	J. Math. Biol.		
483	Journal of Mathematical Chemistry	J. Math. Chem.		
484	Journal of Mathematics of Kyoto University	J. Math. Kyoto U.		
485	Journal of Mathematical Physics	J. Math. Phys.	0022-2488	1089-7658
486	Journal of Mathematical Psychology	J. Math. Psychol.		
487	Journal De Mathematiques Pures Et Appliquees	J. Math. Pure. Appl.		
488	Journal of Mechanical Design	J. Mech. Design		
489	Journal of Mechanics of Materials and Structures	J. Mech. Mater. Struct.		
490	Journal of Micromechanics and Microengineering	J. Micromech. Microeng.		
491	Journal of Modern Dynamics	J. Mod. Dyn.		
492	Journal of Modern Optics	J. Mod. Optic.		
493	Journal of Molecular Neuroscience	J. Mol. Neurosci.		
494	Journal of Molecular Structure	J. Mol. Struct.		
495	Journal of Multivariate Analysis	J. Multivariate Anal.		
496	Journal of Nanoparticle Research	J. Nanopart. Res.		
497	Journal of Neurochemistry	J. Neurochem.		
498	Journal of Neuroimmunology	J. Neuroimmunol.		
499	Journal of Neuroscience	J. Neurosci.		
500	Journal of Neuroscience Methods	J. Neurosci. Meth.		
501	Journal of Non-crystalline Solids	J. Non-cryst. Solids		
502	Journal of Non-newtonian Fluid Mechanics	J. Non-newton. Fluid		
503	Journal of Noncommutative Geometry	J. Noncommut. Geom.		
504	Journal of Nonlinear Mathematical Physics	J. Nonlinear Math. Phy.		
505	Journal of Nonlinear Science	J. Nonlinear Sci.		
506	Journal of Nonparametric Statistics	J. Nonparametr. Stat.		
507	Journal of Nuclear Materials	J. Nucl. Mater.		
508	Journal of Number Theory	J. Number Theory		
509	Journal of The Operational Research Society	J. Oper. Res. Soc.		
510	Journal of Operator Theory	J. Operat. Theor.		
511	Journal of The Optical Society of America A-optics Image Science and Vision	J. Opt. Soc. Am. A.	1084-7529	1520-8532
512	Journal of The Optical Society of America B-optical Physics	J. Opt. Soc. Am. B.	0740-3224	1520-8540
513	Journal of Optimization Theory and Applications	J. Optimiz. Theory App.	0022-3239	1573-2878
514	Journal of Parallel and Distributed Computing	J. Parallel Distr. Com.		
515	Journal of Pharmacology and Experimental Therapeutics	J. Pharmacol. Exp. Ther.		
516	Journal of Physics-condensed Matter	J. Phys-condens. Mat.		
517	Journal of Physics A-mathematical and General	J. Phys. A-math. Gen.		
518	Journal of Physics A-mathematical and Theoretical	J. Phys. A-math. Theor.	1751-8113	1751-8121
519	Journal of Physics B-atomic Molecular and Optical Physics	J. Phys. B-at. Mol. Opt.		
520	Journal of Physical Chemistry A	J. Phys. Chem. A		
521	Journal of Physical Chemistry B	J. Phys. Chem. B		
522	Journal of Physical Chemistry C	J. Phys. Chem. C		
523	Journal of Physics and Chemistry of Solids	J. Phys. Chem. Solids		
524	10th International Spring Seminar On Nuclear Physics: New Quests in Nuclear Structure	J. Phys. Conf. Ser.		
525	Journal of Physics Conference Series	J. Phys. Conf. Ser.		
526	Journal of Physics D-applied Physics	J. Phys. D. Appl. Phys.		
527	Journal of Physics G-nuclear and Particle Physics	J. Phys. G. Nucl. Partic.	0954-3899	1361-6471
528	Journal of Physical Oceanography	J. Phys. Oceanogr.		
529	Journal of The Physical Society of Japan	J. Phys. Soc. Jpn.		
530	Journal of Pure and Applied Algebra	J. Pure Appl. Algebra		
531	Journal of Quantitative Spectroscopy & Radiative Transfer	J. Quant. Spectrosc. Ra.		
532	Journal of The Royal Society Interface	J. R. Soc. Interface		
533	Journal of Raman Spectroscopy	J. Raman Spectrosc.		
534	Journal Fur Die Reine Und Angewandte Mathematik	J. Reine Angew. Math.		
535	Journal of Research of The National Institute of Standards and Technology	J. Res. Natl. Inst. Stan.		
536	Journal of The Royal Statistical Society Series B-statistical Methodology	J. Roy. Stat. Soc. B.		
537	Journal of Russian Laser Research	J. Russ. Laser Res.		
538	Journal of Scheduling	J. Sched.		
539	Journal of Scientific Computing	J. Sci. Comput.		
540	Journal of Solid State Chemistry	J. Solid State Chem.		
541	Journal of Sound and Vibration	J. Sound Vib.		
542	Journal of Statistical Mechanics-theory and Experiment	J. Stat. Mech-theory. E.		1742-5468
543	Journal of Statistical Physics	J. Stat. Phys.		
544	Journal of Statistical Planning and Inference	J. Stat. Plan. Infer.		
545	Journal of Structural Geology	J. Struct. Geol.		
546	Journal of Superconductivity and Novel Magnetism	J. Supercond. Nov. Magn.		
547	Journal of Symbolic Computation	J. Symb. Comput.		
548	Journal of Symbolic Logic	J. Symbolic Logic		
549	Journal of Theoretical Biology	J. Theor. Biol.	0022-5193	
550	Journal of Theoretical Probability	J. Theor. Probab.		
551	Journal of Thermal Science	J. Therm. Sci.		
552	Journal of Time Series Analysis	J. Time Ser. Anal.		
553	Journal of Topology	J. Topol.	1753-8416	
554	Journal of Turbulence	J. Turbul.		
555	Journal of Vacuum Science & Technology B	J. Vac. Sci. Technol. B		
556	Jetp Letters	Jetp Lett+.+		
557	Japanese Journal of Applied Physics	Jpn. J. Appl. Phys.		
558	K-theory	K-theory		
559	Kinetic and Related Models	Kinet. Relat. Mod.		
560	Kodai Mathematical Journal	Kodai Math. J.		
561	Kyoto Journal of Mathematics	Kyoto J. Math.		
562	Lab On A Chip	Lab Chip		
563	Language Resources and Evaluation	Lang. Resour. Eval.		
564	Langmuir	Langmuir		
565	Laser and Particle Beams	Laser Part. Beams		
566	Laser Physics	Laser Phys.		
567	Laser Physics Letters	Laser Phys. Lett.		
568	Algorithms in Bioinformatics	Lect. N. Bioinformat.	0302-9743	1611-3349
569	Lecture Notes in Artificial Intelligence	Lect. Notes Artif. Int.		
570	Lecture Notes in Computer Science	Lect. Notes Comput. Sc.		
571	Lecture Notes in Physics	Lect. Notes Phys.		
572	Algorithmic Number Theory	Lect. Notes. Comput. Sc.		
573	Discrete and Computational Geometry	Lect. Notes. Comput. Sc.		
574	Foundations of Software Science and Computation Structures	Lect. Notes. Comput. Sc.		
575	25 Years of Non-equilibrium Statistical Mechanics	Lect. Notes. Phys.		
576	Polygons, Polyominoes and Polycubes	Lect. Notes. Phys.		
577	Algebra and Number Theory	Lect. Notes. Pure. Appl.		
578	Coherent Detection At Millimeter Wavelengths and Their Applications	Les. Houches.		
579	Letters in Mathematical Physics	Lett. Math. Phys.		
580	Linear Algebra and Its Applications	Linear Algebra Appl.		
581	Linear & Multilinear Algebra	Linear Multilinear A.		
582	Living Reviews in Relativity	Living Rev. Relativ.		
583	Lms Journal of Computation and Mathematics	Lms J. Comput. Math.		
584	Low Temperature Physics	Low Temp. Phys+.+		
585	Macromolecular Symposia	Macromol. Symp.		
586	Macromolecules	Macromolecules		
587	Magnetic Resonance in Medicine	Magn. Reson. Med.		
588	Manuscripta Mathematica	Manuscripta Math.		
589	Materials Science-poland	Mater. Sci-poland.		
590	Materials Today	Mater. Today		
591	Mathematische Annalen	Math. Ann.		
592	Mathematical Biosciences	Math. Biosci.		
593	Mathematics of Computation	Math. Comput.		
594	Mathematics and Computers in Simulation	Math. Comput. Simulat.		
595	Mathematical Finance	Math. Financ.		
596	Mathematical Inequalities & Applications	Math. Inequal. Appl.		
597	Mathematical Intelligencer	Math. Intell.		
598	Mathematics Magazine	Math. Mag.		
599	Mathematical Methods in The Applied Sciences	Math. Method. Appl. Sci.		
600	Mathematische Nachrichten	Math. Nachr.		
601	Mathematical Notes	Math. Notes+.+		
602	Mathematical Physics Analysis and Geometry	Math. Phys. Anal. Geom.		
603	Mathematical Proceedings of The Cambridge Philosophical Society	Math. Proc. Cambridge		
604	Mathematical Research Letters	Math. Res. Lett.		
605	Mathematica Scandinavica	Math. Scand.		
606	Mathematical Social Sciences	Math. Soc. Sci.		
607	Mathematical Structures in Computer Science	Math. Struct. Comp. Sci.		
608	Mathematische Zeitschrift	Math. Z.		
609	Mathematika	Mathematika		
610	Measurement Science Review	Meas. Sci. Rev.		1335-8871
611	Measurement Science & Technology	Meas. Sci. Technol.	0957-0233	1361-6501
612	Mecanique & Industries	Mec. Ind.		
613	Meccanica	Meccanica		
614	Mechanics Research Communications	Mech. Res. Commun.		
615	Medical & Biological Engineering & Computing	Med. Biol. Eng. Comput.		
616	Medical Physics	Med. Phys.		
617	Michigan Mathematical Journal	Mich. Math. J.		
618	Microelectronics Journal	Microelectr. J.		
619	Microfluidics and Nanofluidics	Microfluid. Nanofluid.		
620	Micron	Micron		
621	Microwave and Optical Technology Letters	Microw. Opt. Techn. Let.		
622	Milan Journal of Mathematics	Milan J. Math.		
623	Modern Physics Letters A	Mod. Phys. Lett. A		
624	Modern Physics Letters B	Mod. Phys. Lett. B		
625	Modelling and Simulation in Materials Science and Engineering	Model. Simul. Mater. Sc.		
626	Molecular Cell	Mol. Cell		
627	Molecular Physics	Mol. Phys.		
628	Monthly Notices of The Royal Astronomical Society	Mon. Not. R. Astron. Soc.	0035-8711	1365-2966
629	Monatshefte Fur Mathematik	Monatsh. Math.		
630	Moscow Mathematical Journal	Mosc. Math. J.		
631	Nano Letters	Nano Lett.		
632	Nanoscale Research Letters	Nanoscale Res. Lett.		
633	Nanotechnology	Nanotechnology		
634	Natural Computing	Nat. Comput.		
635	Natural Language Engineering	Nat. Lang. Eng.		
636	Nature Materials	Nat. Mater.		
637	Nature Nanotechnology	Nat. Nanotechnol.		
638	Nature Photonics	Nat. Photonics		
639	Nature Physics	Nat. Phys.		
640	Nature Protocols	Nat. Protoc.		
641	Nature	Nature		
642	Naturwissenschaften	Naturwissenschaften		
643	Econophysics of Markets and Business Networks	Ne. Econ. Win.		
644	Networks and Heterogeneous Media	Netw. Heterog. Media		
645	Neural Computation	Neural Comput.		
646	Neural Networks	Neural Networks		
647	Neurocomputing	Neurocomputing		
648	Neuroquantology	Neuroquantology		
649	Neuroscience Letters	Neurosci. Lett.		
650	Neuroscience Research	Neurosci. Res.		
651	Neuroscience	Neuroscience		
652	New Astronomy	New Astron.		
653	New Astronomy Reviews	New Astron. Rev.		
654	New Journal of Physics	New J. Phys.		1367-2630
655	Nonlinear Analysis-real World Applications	Nonlinear Anal-real.		
656	Nonlinear Dynamics	Nonlinear Dynam.		
657	Nonlinear Processes in Geophysics	Nonlinear Proc. Geoph.		1607-7946
658	Nonlinearity	Nonlinearity		
659	Nuclear Instruments & Methods in Physics Research Section A-accelerators Spectrometers Detectors and Associated Equipment	Nucl. Instrum. Meth. A.	0168-9002	
660	Nuclear Instruments & Methods in Physics Research Section B-beam Interactions With Materials and Atoms	Nucl. Instrum. Meth. B.		
661	Nuclear Physics A	Nucl. Phys. A	0375-9474	
662	Nuclear Physics B	Nucl. Phys. B		
663	Nucleic Acids Research	Nucleic Acids Res.		
664	Numerical Algorithms	Numer. Algorithms		
665	Nuovo Cimento Della Societa Italiana Di Fisica B-basic Topics in Physics	Nuovo Cim. B.		
666	Observatory	Observatory		
667	Ocean Dynamics	Ocean Dynam.		
668	Ocean Engineering	Ocean Eng.	0029-8018	
669	Open Systems & Information Dynamics	Open Syst. Inf. Dyn.		
670	Operators and Matrices	Oper. Matrices		
671	Operations Research Letters	Oper. Res. Lett.		
672	New Developments in Pseudo-differential Operators	Oper. Theor.		
673	Operator Theory : Advances and Applications	Oper. Theor.		
674	Optics Communications	Opt. Commun.		
675	Optics Express	Opt. Express		
676	Optics Letters	Opt. Lett.		
677	Optical Materials	Opt. Mater.		
678	Optical and Quantum Electronics	Opt. Quant. Electron.		
679	Optical Switching and Networking	Opt. Switch. Netw.		
680	Osaka Journal of Mathematics	Osaka J. Math.		
681	Proceedings of The American Mathematical Society	P. Am. Math. Soc.		
682	Proceedings of The Combustion Institute	P. Combust. Inst.		
683	Proceedings of The Edinburgh Mathematical Society	P. Edinburgh Math. Soc.		
684	Proceedings of The Institution of Mechanical Engineers Part H-journal of Engineering in Medicine	P. I. Mech. Eng. H.		
685	Proceedings of The Ieee	P. Ieee		
686	Proceedings of The Japan Academy	P. Jpn. Acad.		
687	Proceedings of The London Mathematical Society	P. Lond. Math. Soc.		
688	Noise and Stochastics in Complex Systems and Finance	P. Soc. Photo-opt. Ins.	0277-786X	
689	Quantum Information and Computation	P. Soc. Photo-opt. Ins.		
690	Proceedings of The Steklov Institute of Mathematics	P. Steklov I. Math+.+		
691	Pacific Journal of Mathematics	Pac. J. Math.	0030-8730	0030-8730
692	Particuology	Particuology		
693	Phase Transitions	Phase Transit.		
694	Philosophical Magazine Letters	Phil. Mag. Lett.		
695	Philosophical Magazine	Philos. Mag.		
696	Physical Biology	Phys. Biol.		
697	Physical Chemistry Chemical Physics	Phys. Chem. Chem. Phys.		
698	Physics of The Earth and Planetary Interiors	Phys. Earth Planet. In.	0031-9201	
699	Physics Essays	Phys. Essays		
700	Physics of Fluids	Phys. Fluids		
701	Physics Letters A	Phys. Lett. A	0375-9601	
702	Physics Letters B	Phys. Lett. B	0103-9733	
703	Physics in Medicine and Biology	Phys. Med. Biol.		
704	Physics in Perspective	Phys. Perspect.		
705	Physics of Plasmas	Phys. Plasmas		
706	Physics Reports-review Section of Physics Letters	Phys. Rep.		
707	Physical Review A	Phys. Rev. A	1050-2947	1094-1622
708	Physical Review B	Phys. Rev. B		
709	Physical Review C	Phys. Rev. C	0556-2813	1089-490X
710	Physical Review D	Phys. Rev. D	1550-7998	1550-2368
711	Physical Review E	Phys. Rev. E	1539-3755	1550-2376
712	Physical Review Letters	Phys. Rev. Lett.	0031-9007	1079-7114
713	Physica Scripta	Phys. Scripta		
714	Physica Status Solidi	Phys. Status Solidi	1862-6300	1862-6319
715	Physica Status Solidi B-basic Research	Phys. Status Solidi B.		
716	Physics Today	Phys. Today		
717	Physica	Physica		
718	Physica A	Physica A	0378-4371	
719	Physica A-statistical Mechanics and Its Applications	Physica A.	0378-4371	
720	Physica B	Physica B		
721	Physica B-condensed Matter	Physica B.		
722	Physica C	Physica C		
723	Physica D	Physica D		
724	Physica D-nonlinear Phenomena	Physica D.		
725	Physica E	Physica E		
726	Planetary and Space Science	Planet. Space Sci.		
727	Plasmonics	Plasmonics		
728	Plos Clinical Trials	Plos Clin. Trials		
729	Plos Computational Biology	Plos Comput. Biol.		
730	Plos One	Plos One		1932-6203
731	Polymer	Polymer		
732	Positivity	Positivity		
733	Potential Analysis	Potential Anal.		
734	Powder Technology	Powder Technol.		
735	Pramana	Pramana		
736	Probability in The Engineering and Informational Sciences	Probab. Eng. Inform. Sc.		
737	Probability Theory and Related Fields	Probab. Theory Rel.	0178-8051	1432-2064
738	Problems of Information Transmission	Probl. Inf. Transm.		
739	Proceedings of Spie	Proc. Spie		
740	10th International Symposium On Nanostructures: Physics and Technology	Proc. Spie.		
741	Progress in Electromagnetics Research-pier	Prog. Electromagn. Res.		
742	Progress in Materials Science	Prog. Mater. Sci.		
743	International School of Nuclear Physics 26th Course: Lepton Scattering and The Structure of Hadrons and Nuclei	Prog. Part. Nucl. Phys.	0146-6410	
744	Progress in Quantum Electronics	Prog. Quant. Electron.		
745	Progress of Theoretical Physics	Prog. Theor. Phys.		
746	Progress of Theoretical Physics Supplement	Prog. Theor. Phys. Supp.	0375-9687	
747	Progres En Urologie	Prog. Urol.		
748	Proteomics	Proteomics		
749	Publications of The Astronomical Society of The Pacific	Publ. Astron. Soc. Pac.		
750	Publicacions Matematiques	Publ. Mat.		
751	Publications Mathematiques De L Ihes	Publ. Math. Ihes		
752	Pure and Applied Mathematics Quarterly	Pure Appl. Math. Q.		
753	Quarterly of Applied Mathematics	Q. Appl. Math.		
754	Quarterly Journal of Mathematics	Q. J. Math.		
755	Quarterly Journal of The Royal Meteorological Society	Q. J. Roy. Meteor. Soc.		
756	Quality and Reliability Engineering International	Qual. Reliab. Eng. Int.		
757	Quantitative Finance	Quant. Financ.	1469-7688	1469-7696
758	Quantum Information & Computation	Quantum Inf. Comput.		
759	Quantum Information Processing	Quantum Inf. Process.		
760	Radioengineering	Radioengineering		
761	Rairo-theoretical Informatics and Applications	Rairo-theor. Inf. Appl.		
762	Ramanujan Journal	Ramanujan J.		
763	Random Structures & Algorithms	Random Struct. Algor.		
764	Rapid Communications in Mass Spectrometry	Rapid Commun. Mass Sp.		
765	Regular & Chaotic Dynamics	Regul. Chaotic Dyn.		
766	Reports On Mathematical Physics	Rep. Math. Phys.		
767	Reports On Progress in Physics	Rep. Prog. Phys.		
768	Research in Astronomy and Astrophysics	Res. Astron. Astrophys.		
769	Results in Mathematics	Results Math.		
770	Reviews in Computational Chemistry	Rev. Comp. Ch.		
771	Revista Matematica Complutense	Rev. Mat. Complut.		
772	Revista Matematica Iberoamericana	Rev. Mat. Iberoam.		
773	Reviews in Mathematical Physics	Rev. Math. Phys.		
774	Revista Mexicana De Fisica	Rev. Mex. Fis.		
775	Revista Mexicana De Fisica E	Rev. Mex. Fis. E		
776	Reviews of Modern Physics	Rev. Mod. Phys.		
777	Review of Scientific Instruments	Rev. Sci. Instrum.		
778	Robotica	Robotica		
779	Romanian Journal of Physics	Rom. J. Phys.		
780	Romanian Reports in Physics	Rom. Rep. Phys.		
781	Russian Journal of Mathematical Physics	Russ. J. Math. Phys.		
782	Russian Mathematical Surveys	Russ. Math. Surv+.+		
783	Sankhya	Sankhya		
784	Scandinavian Journal of Statistics	Scand. J. Stat.		
785	Science in China Series A-mathematics	Sci. China Ser. A.		
786	Science in China Series G-physics Mechanics & Astronomy	Sci. China Ser. G.		
787	Science	Science		
788	Scientometrics	Scientometrics		
789	Scripta Materialia	Scripta Mater.		
790	Semiconductors	Semiconductors+.+		
791	Semigroup Forum	Semigroup Forum		
792	Siam Journal On Applied Dynamical Systems	Siam J. Appl. Dyn. Syst.		
793	Siam Journal On Applied Mathematics	Siam J. Appl. Math.		
794	Siam Journal On Computing	Siam J. Comput.		
795	Siam Journal On Control and Optimization	Siam J. Control Optim.		
796	Siam Journal On Discrete Mathematics	Siam J. Discrete Math.		
797	Siam Journal On Imaging Sciences	Siam J. Imaging Sci.		
798	Siam Journal On Mathematical Analysis	Siam J. Math. Anal.		
799	Siam Journal On Numerical Analysis	Siam J. Numer. Anal.		
800	Siam Journal On Scientific Computing	Siam J. Sci. Comput.		
801	Siam Review	Siam Rev.		
802	Small	Small		
803	Social Choice and Welfare	Soc. Choice Welfare		
804	Social Networks	Soc. Networks		
805	Soft Computing	Soft Comput.		
806	Soft Materials	Soft Mater.	1539-445X	1539-4468
807	Soft Matter	Soft Matter		
808	Soil Dynamics and Earthquake Engineering	Soil Dyn. Earthq. Eng.		
809	Solar Physics	Sol. Phys.		
810	Solid State Phenomena	Sol. St. Phen.		
811	Solid State Communications	Solid State Commun.		
812	Solid State Sciences	Solid State Sci.		
813	Solid-state Electronics	Solid. State. Electron.		
814	Space Science Reviews	Space Sci. Rev.		
815	Springer Tracts in Modern Physics	Springer Tr. Mod. Phys.		
816	Polarons in Advanced Materials	Springer. Ser. Mater. S.	0933-033X	2196-2812
817	Statistics and Computing	Stat. Comput.		
818	Statistics & Probability Letters	Stat. Probabil. Lett.		
819	Statistical Science	Stat. Sci.		
820	Statistica Sinica	Stat. Sinica		
821	Statistics	Statistics		
822	Stochastic Environmental Research and Risk Assessment	Stoch. Env. Res. Risk A.		
823	Stochastic Processes and Their Applications	Stoch. Proc. Appl.		
824	Stochastics-an International Journal of Probability and Stochastic Processes	Stochastics.		
825	Studies in Applied Mathematics	Stud. Appl. Math.		
826	Studia Mathematica	Stud. Math.		
827	Studia Scientiarum Mathematicarum Hungarica	Stud. Sci. Math. Hung.		
828	Superconductor Science and Technology	Supercond. Sci. Technol.	0953-2048	1361-6668
829	Superlattices and Microstructures	Superlattice. Microst.		
830	Surface Science	Surf. Sci.		
831	Symmetry Integrability and Geometry-methods and Applications	Symmetry Integr. Geom.		
832	Synthetic Metals	Synthetic Met.		
833	Systematic Biology	Syst. Biol.	1063-5157	1076-836X
834	Transactions of The American Mathematical Society	T. Am. Math. Soc.		
835	Transactions in Gis	T. Gis		
836	Technical Physics	Tech. Phys+.+		
837	Technometrics	Technometrics		
838	Tectonophysics	Tectonophysics		
839	Test	Test		
840	The Journal of Chemical Physics	The Journal of Chemical Physics	0021-9606	1089-7690
841	Theory and Applications of Categories	Theor. Appl. Categ.		
842	Theory in Biosciences	Theor. Biosci.		
843	Theoretical Computer Science	Theor. Comput. Sci.		
844	Theory of Computing Systems	Theor. Comput. Syst.		
845	Theoretical and Mathematical Physics	Theor. Math. Phys+.+		
846	Theory of Probability and Its Applications	Theor. Probab. Appl+.+		
847	Thermochimica Acta	Thermochim. Acta		
848	Tohoku Mathematical Journal	Tohoku Math. J.		
849	Topology and Its Applications	Topol. Appl.		
850	Topological Methods in Nonlinear Analysis	Topol. Method. Nonl. An.		
851	Topology Proceedings	Topol. P.		
852	Transformation Groups	Transform. Groups		
853	Tribology International	Tribol. Int.		
854	Tribology Letters	Tribol. Lett.		
855	Ukrainian Journal of Physical Optics	Ukr. J. Phys. Opt.		
856	Ukrainian Mathematical Journal	Ukr. Math. J.		
857	Utilitas Mathematica	Utilitas Mathematica		
858	Visual Computer	Visual Comput.		
859	Water Resources Research	Water Resour. Res.		
860	Zeitschrift Fur Bibliothekswesen Und Bibliographie	Z. Bibl. Bibl.		
861	Zeitschrift Fur Naturforschung	Z. Naturforsch.		
862	Zeitschrift Fur Naturforschung Section A-a Journal of Physical Sciences	Z. Naturforsch. A.		
864	Accident Analysis and Prevention	Accident Anal. Prev.		
865	Acm Computing Surveys	Acm Comput. Surv.		
866	Acm Transactions On Algorithms	Acm T. Algorithms		
867	Acs Nano	Acs Nano		
868	Acta Astronautica	Acta Astronaut.		
869	Acta Astronomica	Acta Astronom.		
870	Advances in Atomic Molecular and Optical Physics	Adv. Atom. Mol. Opt. Phy.		
871	Advances in Computational Mathematics	Adv. Comput. Math.		
872	Advances in Differential Equations	Adv. Differential Equ.		
873	Advances in Neural Information Processing Systems	Adv. Neur. In.		
874	Advanced Computer Simulation Approaches for Soft Matter Sciences I	Adv. Polym. Sci.		
875	Advances in Polymer Science	Adv. Polym. Sci.		
876	Advanced Studies in Pure Mathematics	Adv. Stu. P. M.		
877	Aequationes Mathematicae	Aequationes Math.		
878	Aiche Journal	Aiche J.		
879	Relativistic Astrophysics	Aip. Conf. Proc.		
880	Algebra and Logic	Algebr. Log+.+		
881	Algebra Universalis	Algebr. Univ.		
882	American Journal of Epidemiology	Am. J. Epidemiol.		
883	American Naturalist	Am. Nat.		
884	Analysis Mathematica	Anal. Math.		
885	Triangulated Categories	Ann. Math. Stud.		
886	Applicable Algebra in Engineering Communication and Computing	Appl. Algebr. Eng. Comm.		
887	Applicable Analysis	Appl. Anal.		
888	Applied Clay Science	Appl. Clay Sci.		
889	Applied and Computational Harmonic Analysis	Appl. Comput. Harmon. A.		
890	Mathematical Programming	Appl. Manag. Sci.		
891	Applied Mathematics & Information Sciences	Appl. Math. Inform. Sci.		
892	Applied Statistical Science	Appl. Statist.		
893	Arabian Journal for Science and Engineering	Arab. J. Sci. Eng.		
894	Arkiv for Matematik	Ark. Mat.		
895	Artificial Intelligence	Artif. Intell.		
896	Asian Journal of Mathematics	Asian J. Math.		
897	Astrophysics	Astrophysics		
898	Bulletin of The Korean Mathematical Society	B. Korean Math. Soc.		
899	Bulletin Des Sciences Mathematiques	B. Sci. Math.		
900	Bulletin of Symbolic Logic	B. Symb. Log.		
901	Banach Center Publications	Banach Cent.		
902	Banach Journal of Mathematical Analysis	Banach J. Math. Anal.		
903	Behavior Research Methods	Behav. Res. Methods		
904	Biochemical and Biophysical Research Communications	Biochem. Bioph. Res. Co.		
905	Bioessays	Bioessays		
906	Biological Conservation	Biol. Conserv.		
907	Biomaterials	Biomaterials		
908	Biophysical Chemistry	Biophys. Chem.		
909	Bit Numerical Mathematics	Bit		
910	Bmc Evolutionary Biology	Bmc Evol. Biol.		
911	Bmc Genetics	Bmc Genet.		
912	Bmc Molecular Biology	Bmc Mol. Biol.		
913	Cancer Research	Cancer Res.		
914	Cellular Signalling	Cell. Signal.		
915	Central European Journal of Biology	Cent. Eur. J. Biol.		
916	Chemical Communications	Chem. Commun.		
917	Chemical Engineering Science	Chem. Eng. Sci.		
918	Chemphyschem	Chemphyschem		
919	Chinese Journal of Chemical Physics	Chin. J. Chem. Phys.		
920	Chinese Journal of Psychology	Chinese J. Psychol.		
921	Clinical Neurophysiology	Clin. Neurophysiol.		
922	Cognitive Systems Research	Cogn. Syst. Res.		
923	Collection of Czechoslovak Chemical Communications	Collect. Czech. Chem. C.		
924	Colloid Journal	Colloid J+.+		
925	Computer Networks	Comm. Com. Inf. Sc.		
926	Communications in Mathematical Sciences	Commun. Math. Sci.		
927	Communications On Pure and Applied Mathematics	Commun. Pur. Appl. Math.		
928	Communications in Statistics-simulation and Computation	Commun. Stat. Simulat.		
929	Computational Geometry-theory and Applications	Comp. Geom-theor. Appl.		
930	Computers in Biology and Medicine	Comput. Biol. Med.		
931	Computers & Fluids	Comput. Fluids		
932	Computers and Geotechnics	Comput. Geotech.		
933	Computers in Industry	Comput. Ind.		
934	Computers & Operations Research	Comput. Oper. Res.		
935	Computational Statistics	Computation. Stat.		
936	Algebras, Representations and Applications	Contemp. Math.		
937	Arithmetic, Geometry, Cryptography and Coding Theory	Contemp. Math.		
938	Operator Structures and Dynamical Systems	Contemp. Math.		
939	Trends in Representation Theory of Algebras and Related Topics	Contemp. Math.		
940	Comptes Rendus Geoscience	Cr. Geosci.		
941	Cryogenics	Cryogenics		
942	Current Opinion in Urology	Curr. Opin. Urol.		
943	Current Pharmaceutical Design	Curr. Pharm. Design		
944	Czechoslovak Mathematical Journal	Czech. Math. J.		
945	Differential Equations	Diff. Equat+.+		
946	Dissertationes Mathematicae	Diss. Math.		
947	Doklady Mathematics	Dokl. Math.		
948	Dynamic Systems and Applications	Dyn. Syst. Appl.		
949	Dyna	Dyna		
950	Dynamics of Continuous Discrete and Impulsive Systems-series A-mathematical Analysis	Dynam. Cont. Dis. Ser. A.		
951	Dynamics of Continuous Discrete and Impulsive Systems-series B-applications & Algorithms	Dynam. Cont. Dis. Ser. B.		
952	Dynamics of Partial Differential Equations	Dynam. Part. Differ. Eq.		
953	Ecological Complexity	Ecol. Complex.		
954	Ecological Modelling	Ecol. Model.		
955	Ecological Psychology	Ecol. Psychol.		
956	Economics Letters	Econ. Lett.		
957	Electrochimica Acta	Electrochim. Acta		
958	Electronic Journal of Combinatorics	Electron. J. Comb.		
959	Electronics Letters	Electron. Lett.		
960	Energy & Fuels	Energ. Fuel.		
961	Environmental Modelling & Software	Environ. Modell. Softw.		
962	Epj Web of Conferences	Epj Web Conf.		
963	Esaim-probability and Statistics	Esaim-probab. Stat.		
964	European Biophysics Journal	Eur. Biophys. J.		
965	European Journal of Operational Research	Eur. J. Oper. Res.		
966	European Journal of Pharmaceutical Sciences	Eur. J. Pharm. Sci.		
967	European Physical Journal Plus	Eur. Phys. J. Plus		
968	Experimental Mathematics	Exp. Math.		
969	Extremes	Extremes		
970	Faraday Discussions	Faraday Discuss.		
971	Filomat	Filomat		
972	Fluid Dynamics Research	Fluid Dyn. Res.		
973	Fluid Phase Equilibria	Fluid Phase Equilibr.		
974	Forensic Science International	Forensic Sci. Int.		
975	Forest Ecology and Management	Forest Ecol. Manag.		
976	Formal Aspects of Computing	Form. Asp. Comput.		
977	Formal Methods in System Design	Form. Method. Syst. Des.		
978	Fractals-an Interdisciplinary Journal On The Complex Geometry of Nature	Fractals.		
979	Frontiers in Bioscience	Front. Biosci.		
980	Functional Analysis and Its Applications	Funct. Anal. Appl+.+		
981	General Relativity and Gravitation	Gen. Relat. Gravit.		
982	Genome Biology	Genome Biol.		
983	Geophysical and Astrophysical Fluid Dynamics	Geophys. Astro. Fluid		
984	Graphs and Combinatorics	Graph. Combinator.		
985	Hiroshima Mathematical Journal	Hiroshima Math. J.		
986	Ieee Journal of Quantum Electronics	Ieee J. Quantum Elect.		
987	Ieee Transactions On Image Processing	Ieee T. Image Process.		
988	Ieee Transactions On Magnetics	Ieee T. Magn.		
989	Ieee Transactions On Medical Imaging	Ieee T. Med. Imaging		
990	Ieee Transactions On Visualization and Computer Graphics	Ieee T. Vis. Comput. Gr.		
991	Ieee-acm Transactions On Computational Biology and Bioinformatics	Ieee. Acm. T. Comput. Bi.		
992	Ima Journal of Mathematical Control and Information	Ima J. Math. Control I.		
993	Ima Volumes in Mathematics and Its Applications	Ima V. Math.		
994	Inequality Theory and Applications	Inequal. Theory Appl.		
995	Inorganic Chemistry	Inorg. Chem.		
996	Insect Biochemistry and Molecular Biology	Insect Biochem. Molec.		
997	International Journal of Computer Mathematics	Int. J. Comput. Math.		
998	International Journal of Control	Int. J. Control		
999	International Journal On Document Analysis and Recognition	Int. J. Doc. Anal. Recog.		
1000	International Journal of Intelligent Systems	Int. J. Intell. Syst.		
1001	International Journal of Mass Spectrometry	Int. J. Mass Spectrom.		
1002	International Journal of Materials Research	Int. J. Mater. Res.		
1003	International Journal for Multiscale Computational Engineering	Int. J. Multiscale Com.		
1004	International Journal of Nonlinear Sciences and Numerical Simulation	Int. J. Nonlin. Sci. Num.		
1005	International Journal of Non-linear Mechanics	Int. J. Nonlinear. Mech.		
1006	International Journal for Numerical and Analytical Methods in Geomechanics	Int. J. Numer. Anal. Met.		
1007	International Journal of Numerical Analysis and Modeling	Int. J. Numer. Anal. Mod.		
1008	International Journal of Physical Sciences	Int. J. Phys. Sci.		
1009	International Journal of Rock Mechanics and Mining Sciences	Int. J. Rock Mech. Min.		
1010	International Journal of Systems Science	Int. J. Syst. Sci.		
1011	International Journal of Uncertainty Fuzziness and Knowledge-based Systems	Int. J. Uncertain. Fuzz.		
1012	Intelligent Data Analysis	Intell. Data Anal.		
1013	Interfaces and Free Boundaries	Interface. Free Bound.		
1014	Intermetallics	Intermetallics		
1015	Inverse Problems and Imaging	Inverse Probl. Imag.		
1016	Journal of The Acm	J. Acm		
1017	Journal of Algebraic Combinatorics	J. Algebr. Comb.		
1018	Journal of The American Mathematical Society	J. Am. Math. Soc.		
1019	Journal of The American Society for Information Science and Technology	J. Am. Soc. Inf. Sci. Tec.		
1020	Journal of Applied Statistics	J. Appl. Stat.		
1021	Journal of Atmospheric and Solar-terrestrial Physics	J. Atmos. Sol-terr. Phy.		
1022	Journal of Biophotonics	J. Biophotonics		
1023	Journal of Chemical Theory and Computation	J. Chem. Theory Comput.		
1024	Journal of Combinatorial Designs	J. Comb. Des.		
1025	Journal of Computational Biology	J. Comput. Biol.		
1026	Journal of Dynamics and Differential Equations	J. Dyn. Differ. Equ.		
1027	Journal of Economic Behavior & Organization	J. Econ. Behav. Organ.		
1028	Journal of Economic Theory	J. Econ. Theory		
1029	Journal of The Electrochemical Society	J. Electrochem. Soc.		
1030	Journal of Engineering Education	J. Eng. Educ.		
1031	Journal of Environmental Radioactivity	J. Environ. Radioactiv.		
1032	Journal for General Philosophy of Science	J. Gen. Philos. Sci.		
1033	Journal of Geodesy	J. Geodesy		
1034	Journal of Geophysics and Engineering	J. Geophys. Eng.		
1035	Journal of Heuristics	J. Heuristics		
1036	Journal of Mass Spectrometry	J. Mass Spectrom.		
1037	Journal of Mathematical Logic	J. Math. Log.		
1038	Journal of Mathematical Physics Analysis Geometry	J. Math. Phys. Anal. Geo.		
1039	Journal of The Mathematical Society of Japan	J. Math. Soc. Jpn.		
1040	Journal of The Mechanics and Physics of Solids	J. Mech. Phys. Solids		
1041	Journal of Medicinal Chemistry	J. Med. Chem.		
1042	Journal of Molecular Biology	J. Mol. Biol.		
1043	Journal of Multiple-valued Logic and Soft Computing	J. Mult-valued. Log. S.		
1044	Journal of Nanoelectronics and Optoelectronics	J. Nanoelectron. Optoe.		
1045	Journal of Nanophotonics	J. Nanophotonics		
1046	Journal of Photochemistry and Photobiology A-chemistry	J. Photoch. Photobio. A.		
1047	Journal of Plasma Physics	J. Plasma Phys.		
1048	Journal of Portfolio Management	J. Portfolio Manage.		
1049	Journal of Proteome Research	J. Proteome Res.		
1050	Journal of Rheology	J. Rheol.		
1051	Journal of Statistical Computation and Simulation	J. Stat. Comput. Sim.		
1052	Journal of Theoretical & Computational Chemistry	J. Theor. Comput. Chem.		
1053	Journal of Thermal Analysis and Calorimetry	J. Therm. Anal. Calorim.		
1054	Journal of Vibration and Control	J. Vib. Control		
1055	Key Engineering Materials	Key Eng. Mat.		
1056	Kinematics and Physics of Celestial Bodies	Kinemat. Phys. Celest+.+		
1057	Knowledge-based Systems	Knowl-based. Syst.		
1058	Kybernetika	Kybernetika		
1059	Laterality	Laterality		
1060	25-year Perspective On Logic Programming: Achievements of The Italian Association for Logic Programming, Gulp	Lect. Notes. Comput. Sc.		
1061	Artificial Immune Systems	Lect. Notes. Comput. Sc.		
1062	Cellular Automata	Lect. Notes. Comput. Sc.		
1063	Computer Algebra in Scientific Computing	Lect. Notes. Comput. Sc.		
1064	Pattern Recognition	Lect. Notes. Comput. Sc.		
1065	Programming Languages and Systems	Lect. Notes. Comput. Sc.		
1066	Dynamical Systems	Lect. Notes. Math.		
1067	Lithuanian Journal of Physics	Lith. J. Phys.		
1068	Lithuanian Mathematical Journal	Lith. Math. J.		
1069	Machine Learning	Mach. Learn.		
1070	Macromolecular Symposia	Macromol. Sy.		
1071	Magnetohydrodynamics	Magnetohydrodynamics		
1072	Materials Chemistry and Physics	Mater. Chem. Phys.		
1073	Materials Letters	Mater. Lett.		
1074	Materials Research Innovations	Mater. Res. Innov.		
1075	Mathematical Biosciences and Engineering	Math. Biosci. Eng.		
1076	Mathematics of Control Signals and Systems	Math. Control Signal.		
1077	Mathematical Modelling of Natural Phenomena	Math. Model. Nat. Pheno.		
1078	Mathematics of Operations Research	Math. Oper. Res.		
1079	Mechanism and Machine Theory	Mech. Mach. Theory		
1080	Mechanics of Materials	Mech. Mater.		
1081	Mediterranean Journal of Mathematics	Mediterr. J. Math.		
1082	Metrologia	Metrologia		
1083	Micro & Nano Letters	Micro Nano Lett.		
1084	Molecular Biology and Evolution	Mol. Biol. Evol.		
1085	Molecular Ecology	Mol. Ecol.		
1086	Molecular Systems Biology	Mol. Syst. Biol.		
1087	Mutation Research	Mutat. Res.		
1088	Nagoya Mathematical Journal	Nagoya Math. J.		
1089	Nano	Nano		
1090	Nano Research	Nano Res.		
1091	Nature Cell Biology	Nat. Cell Biol.		
1092	Properties and Applications of Thermoelectric Materials	Nato. Sci. Peace. Sec. B.		
1093	Nonlinear Analysis-theory Methods & Applications	Nonlinear Anal-theor.		
1094	Notre Dame Journal of Formal Logic	Notre Dame J. Form. L.		
1095	Nuclear Science and Engineering	Nucl. Sci. Eng.		
1096	Numerical Functional Analysis and Optimization	Numer. Func. Anal. Opt.		
1097	Numerische Mathematik	Numer. Math.		
1098	Nuovo Cimento Della Societa Italiana Di Fisica B-general Physics Relativity Astronomy and Mathematical Physics and Methods	Nuovo Cimento B.		
1099	Ocean Modelling	Ocean Model.		
1100	Oceans	Oceans		
1101	Oikos	Oikos		
1102	Operations Research	Oper. Res.		
1103	Advances in Pseudo-differential Operators	Oper. Theory. Adv. Appl.		
1104	Optics and Spectroscopy	Opt. Spectrosc+.+		
1105	Optimization	Optimization		
1106	Order-a Journal On The Theory of Ordered Sets and Its Applications	Order.		
1107	Proceedings of The Royal Society of London Series A-containing Papers of A Mathematical and Physical Character	P. R. Soc. Lond. A-conta.		
1108	Proceedings of The Royal Society of London Series A-mathematical Physical and Engineering Sciences	P. Roy. Soc. Lond. A. Mat.		
1109	Paleobiology	Paleobiology		
1110	Pattern Recognition Letters	Pattern Recogn. Lett.		
1111	Personal and Ubiquitous Computing	Pers. Ubiquit. Comput.		
1112	Physics-uspekhi	Phys-usp+.+		
1113	Physics and Chemistry of The Earth	Phys. Chem. Earth		
1114	Physics and Chemistry of Liquids	Phys. Chem. Liq.		
1115	Physical Review	Phys. Rev.		
1116	Physica Status Solidi A-applications and Materials Science	Phys. Status Solidi A.		
1117	Physics Procedia	Physcs. Proc.		
1118	Plos Genetics	Plos Genet.		
1119	Polyhedron	Polyhedron		
1120	Pramana-journal of Physics	Pramana-j. Phys.		
1121	Problems of Atomic Science and Technology	Probl. At. Sci. Tech.		
1122	Proceedings of Symposia in Applied Mathematics	Proc. Sym. Ap.		
1123	Progress in Optics	Prog. Opt.		
1124	Progress in Particle and Nuclear Physics	Prog. Part. Nucl. Phys.		
1125	Advanced Topics in Theoretical Chemical Physics	Prog. Theor. Chem. Phys.		
1126	Proteins-structure Function and Bioinformatics	Proteins.		
1127	Quaestiones Mathematicae	Quaest. Math.		
1128	Radiation Measurements	Radiat. Meas.		
1129	Revista Mexicana De Astronomia Y Astrofisica	Rev. Mex. Astron. Astr.		
1130	Jenam 2001: Astronomy With Large Telescopes From Ground and Space	Rev. Mod. Astron.		
1131	Revue Roumaine De Mathematiques Pures Et Appliquees	Rev. Roum. Math. Pure. A.		
1132	Review of Symbolic Logic	Rev. Symb. Log.		
1133	Revista De La Union Matematica Argentina	Rev. Union Mat. Argent.		
1134	Rivista Del Nuovo Cimento	Riv. Nuovo Cimento		
1135	Rock Mechanics and Rock Engineering	Rock Mech. Rock Eng.		
1136	Rocky Mountain Journal of Mathematics	Rocky Mt. J. Math.		
1137	Russian Physics Journal	Russ. Phys. J.		
1138	Science in China Series G-physics Astronomy	Sci. China Ser. G.		
1139	Science China-mathematics	Sci. China. Math.		
1140	Science As Culture	Sci. Cult.		
1141	Science and Public Policy	Sci. Publ. Policy		
1142	Sensors	Sensors		
1143	Siam Journal On Matrix Analysis and Applications	Siam J. Matrix Anal. A.		
1144	Siam Journal On Optimization	Siam J. Optimiz.		
1145	Siberian Mathematical Journal	Siberian Math. J+.+		
1146	Signal Processing	Signal Process.		
1147	Statistical Modelling	Stat. Model.		
1148	Statistica Neerlandica	Stat. Neerl.		
1149	Structural Engineering and Mechanics	Struct. Eng. Mech.		
1150	Structural Health Monitoring	Struct. Health Monit.		
1151	Structure	Structure		
1152	Studies in History and Philosophy of Modern Physics	Stud. Hist. Philos. M. P.		
1153	Sub-cellular Biochemistry	Sub-cell. Biochem.		
1154	Systems & Control Letters	Syst. Control Lett.		
1155	Theoretical Population Biology	Theor. Popul. Biol.		
1156	Theory and Practice of Logic Programming	Theor. Pract. Log. Prog.		
1157	Topology	Topology		
1158	Transportation Research Record	Transp. Res. Record		
1159	Trends in Biochemical Sciences	Trends Biochem. Sci.		
1160	Turkish Journal of Mathematics	Turk. J. Math.		
1161	Ultramicroscopy	Ultramicroscopy		
1162	Zeitschrift Fur Angewandte Mathematik Und Mechanik	Z. Angew. Math. Mech.		
1163	Zeitschrift Fur Kristallographie-new Crystal Structures	Z. Krist-new. Cryst. St.		
1164	Zeitschrift Fur Kristallographie	Z. Kristallogr.		
